City_ID,City,Country,Lat,Lng,Max Temp,Humidity,Cloudiness,Wind Speed,Current Description
0,Zhanjiang,CN,21.2815,110.3427,81.95,87,100,3.0,overcast clouds
1,Cape Town,ZA,-33.9258,18.4232,58.87,90,90,3.0,light rain
2,Lata,PT,40.1629,-8.3327,74.35,37,0,6.69,clear sky
3,Lianran,CN,24.9227,102.485,72.14,88,81,1.34,light rain
4,Treinta Y Tres,UY,-33.2333,-54.3833,34.36,86,7,7.94,clear sky
5,Mount Isa,AU,-20.7333,139.5,67.77,34,3,1.14,clear sky
6,Hobart,AU,-42.8794,147.3294,49.05,74,40,1.99,scattered clouds
7,Puerto Ayora,EC,-0.7393,-90.3518,71.11,87,68,6.46,broken clouds
8,Kaitangata,NZ,-46.2817,169.8464,48.92,78,35,5.82,scattered clouds
9,Ponta Do Sol,PT,32.6667,-17.1,75.7,73,48,4.36,scattered clouds
10,Rikitea,PF,-23.1203,-134.9692,73.44,78,8,8.57,light rain
11,Izhma,RU,65.0083,53.9113,53.8,67,100,2.89,overcast clouds
12,Skjervoy,NO,70.0311,20.9714,53.6,77,69,11.27,broken clouds
13,Saldanha,ZA,-33.0117,17.9442,55.45,85,100,16.31,light rain
14,Hastings,GB,50.8552,0.5729,69.4,54,17,19.51,few clouds
15,Buin,CL,-33.7333,-70.75,55.74,15,0,2.8,clear sky
16,Jambi,ID,-1.6,103.6167,82.92,52,25,2.1,scattered clouds
17,Busselton,AU,-33.65,115.3333,52.09,76,53,28.23,broken clouds
18,Hilo,US,19.7297,-155.09,73.8,94,75,3.44,light rain
19,Jamestown,US,42.097,-79.2353,69.71,91,1,4.0,clear sky
20,Oranjemund,NA,-28.55,16.4333,61.57,49,0,11.1,clear sky
21,Turukhansk,RU,65.8167,87.9833,61.05,76,100,1.43,light rain
22,Chishtian Mandi,PK,29.8,72.8667,97.45,45,96,3.22,overcast clouds
23,Bluff,NZ,-46.6,168.3333,46.8,83,78,9.04,broken clouds
24,Ushuaia,AR,-54.8,-68.3,47.86,46,90,18.41,light rain
25,Port Augusta,AU,-32.5,137.7667,59.14,51,5,9.24,clear sky
26,Hobyo,SO,5.3505,48.5268,81.91,65,76,27.18,broken clouds
27,Chapais,CA,49.7834,-74.8492,55.18,94,100,5.14,overcast clouds
28,Tuktoyaktuk,CA,69.4541,-133.0374,49.42,75,100,9.51,light rain
29,Camacari,BR,-12.6975,-38.3242,71.37,85,12,3.56,few clouds
30,Kodiak,US,57.79,-152.4072,54.91,71,90,8.05,overcast clouds
31,Esperance,AU,-33.8667,121.9,60.64,65,28,25.21,scattered clouds
32,Terra Santa,BR,-2.1042,-56.4869,75.2,60,32,1.63,light rain
33,Hamza,UZ,40.4264,71.4956,94.95,9,10,21.65,clear sky
34,Pevek,RU,69.7008,170.3133,32.27,99,100,27.02,snow
35,Airai,TL,-8.9266,125.4092,58.73,87,30,2.51,scattered clouds
36,Mongo,TD,12.1844,18.693,86.23,61,100,3.4,overcast clouds
37,Petropavlovsk-Kamchatskiy,RU,53.0452,158.6483,57.79,100,90,4.47,light intensity shower rain
38,Punta Arenas,CL,-53.15,-70.9167,41.11,65,0,16.11,clear sky
39,Port Elizabeth,ZA,-33.918,25.5701,66.49,48,90,25.32,overcast clouds
40,Chokurdakh,RU,70.6333,147.9167,41.07,63,91,9.75,overcast clouds
41,Cidreira,BR,-30.1811,-50.2056,41.59,82,87,17.67,overcast clouds
42,Olafsvik,IS,64.8945,-23.7142,52.77,87,82,9.53,broken clouds
43,Maragogi,BR,-9.0122,-35.2225,75.25,82,8,2.06,clear sky
44,Krasnoarmeysk,RU,51.0239,45.6969,72.09,57,100,8.46,overcast clouds
45,Ribeira Grande,PT,38.5167,-28.7,75.6,64,75,9.22,broken clouds
46,Talnakh,RU,69.4865,88.3972,68.23,51,99,2.55,overcast clouds
47,Huilong,CN,31.8111,121.655,84.04,92,55,7.61,moderate rain
48,Santa Rosa,PH,14.3122,121.1114,82.9,86,99,7.74,overcast clouds
49,Sale,MA,34.0389,-6.8166,84.22,73,40,6.91,scattered clouds
50,Atuona,PF,-9.8,-139.0333,76.8,71,77,14.58,broken clouds
51,Arona,ES,28.0996,-16.681,75.02,64,20,7.0,few clouds
52,Pauini,BR,-7.7136,-66.9764,68.2,45,40,5.7,scattered clouds
53,Knysna,ZA,-34.0363,23.0471,68.38,60,89,11.9,overcast clouds
54,Kuragino,RU,53.8975,92.6725,68.09,64,1,4.27,clear sky
55,Talcahuano,CL,-36.7167,-73.1167,46.08,76,0,8.05,clear sky
56,Port Blair,IN,11.6667,92.75,83.1,82,86,17.13,overcast clouds
57,Porto Velho,BR,-8.7619,-63.9039,68.05,56,20,10.36,few clouds
58,Bengkulu,ID,-3.8004,102.2655,81.61,76,29,11.34,scattered clouds
59,Tuatapere,NZ,-46.1333,167.6833,46.81,86,92,5.95,overcast clouds
60,Vestmannaeyjar,IS,63.4427,-20.2734,56.39,88,20,6.91,few clouds
61,Codrington,AU,-38.2667,141.9667,45.32,85,2,11.01,clear sky
62,Mataura,NZ,-46.1927,168.8643,46.47,94,97,4.05,overcast clouds
63,Mehriz,IR,31.5917,54.4318,93.7,12,5,11.77,clear sky
64,Palmer,US,42.1584,-72.3287,67.46,85,90,0.0,overcast clouds
65,Sancti Spiritus,CU,21.9297,-79.4425,72.32,95,24,3.74,few clouds
66,Albany,US,42.6001,-73.9662,60.58,94,60,1.41,broken clouds
67,Chuy,UY,-33.6971,-53.4616,37.65,89,11,9.62,few clouds
68,Kerema,PG,-7.9631,145.7785,78.24,91,99,4.03,overcast clouds
69,Dikson,RU,73.5069,80.5464,41.05,89,89,12.01,overcast clouds
70,Saint George,US,37.1041,-113.5841,88.39,39,1,4.0,clear sky
71,Nanortalik,GL,60.1432,-45.2371,45.25,85,100,8.46,overcast clouds
72,Ituporanga,BR,-27.4144,-49.6025,39.36,67,14,4.45,few clouds
73,Pochutla,MX,15.7432,-96.4661,76.82,88,74,4.43,broken clouds
74,Ust-Tsilma,RU,65.441,52.1498,51.78,80,100,0.69,overcast clouds
75,East London,ZA,-33.0153,27.9116,72.54,28,0,25.32,clear sky
76,Havre-Saint-Pierre,CA,50.2334,-63.5986,52.16,93,90,5.75,overcast clouds
77,Saint-Philippe,RE,-21.3585,55.7679,74.79,75,73,16.55,broken clouds
78,Nikolskoye,RU,59.7035,30.7861,75.09,51,59,9.17,light rain
79,Kapaa,US,22.0752,-159.319,80.92,75,40,12.66,scattered clouds
80,Padilla,CO,3.2204,-76.3139,65.77,83,76,3.04,broken clouds
81,Bandarbeyla,SO,9.4942,50.8122,84.96,57,68,33.93,broken clouds
82,Port Alfred,ZA,-33.5906,26.891,66.33,51,35,28.81,scattered clouds
83,Batemans Bay,AU,-35.7167,150.1833,49.91,71,0,4.83,clear sky
84,Hermanus,ZA,-34.4187,19.2345,58.8,76,96,10.38,overcast clouds
85,Zhangjiakou,CN,40.81,114.8794,70.29,76,100,5.46,moderate rain
86,Torbay,CA,47.6666,-52.7314,63.75,96,90,11.5,overcast clouds
87,Dwarka,IN,22.2394,68.9678,83.52,80,99,26.4,overcast clouds
88,Hualmay,PE,-11.0964,-77.6139,62.31,85,61,6.46,broken clouds
89,Baoying,CN,33.2292,119.3092,73.11,88,92,10.92,overcast clouds
90,Yellowknife,CA,62.456,-114.3525,59.29,100,90,4.61,overcast clouds
91,Puerto Escondido,MX,15.85,-97.0667,76.8,86,94,3.71,overcast clouds
92,Tautira,PF,-17.7333,-149.15,77.02,79,73,5.23,light rain
93,Zhigansk,RU,66.7697,123.3711,68.09,44,7,6.93,clear sky
94,Pampa,US,35.5362,-100.9599,70.57,88,1,6.91,clear sky
95,Gladstone,AU,-23.85,151.25,67.93,83,1,4.61,clear sky
96,Caravelas,BR,-17.7125,-39.2481,73.35,77,5,2.62,clear sky
97,Manavalakurichi,IN,8.1333,77.3,84.29,69,100,20.36,overcast clouds
98,Pangai,TO,-19.8,-174.35,73.8,70,98,15.35,overcast clouds
99,San Cristobal,VE,7.7669,-72.225,63.81,98,94,4.47,overcast clouds
100,Avarua,CK,-21.2078,-159.775,69.85,83,75,8.05,broken clouds
101,Tasiilaq,GL,65.6145,-37.6368,48.36,65,58,2.8,broken clouds
102,Mizdah,LY,31.4451,12.9801,93.43,16,0,10.89,clear sky
103,Bagdarin,RU,54.4333,113.6,61.95,89,97,1.81,overcast clouds
104,Vaini,TO,-21.2,-175.2,68.16,83,20,6.91,few clouds
105,Churapcha,RU,62.0025,132.4325,66.29,33,1,11.18,clear sky
106,Padang,ID,-0.9492,100.3543,80.65,79,40,2.37,scattered clouds
107,Ostrovnoy,RU,68.0531,39.5131,49.53,71,100,3.49,overcast clouds
108,Castro,BR,-24.7911,-50.0119,30.02,76,7,6.89,clear sky
109,Vardo,NO,70.3705,31.1107,48.18,87,75,5.75,broken clouds
110,Plonsk,PL,52.6235,20.3755,80.82,48,2,13.96,clear sky
111,Broken Hill,AU,-31.95,141.4333,51.51,40,0,8.05,clear sky
112,Dunedin,NZ,-45.8742,170.5036,47.8,82,78,17.0,broken clouds
113,Natal,BR,-5.795,-35.2094,74.05,94,20,8.05,few clouds
114,Qui Nhon,VN,13.7667,109.2333,89.83,60,89,13.33,overcast clouds
115,Severo-Kurilsk,RU,50.6789,156.125,57.34,96,83,3.98,broken clouds
116,Qaqortoq,GL,60.7167,-46.0333,45.66,82,99,1.66,overcast clouds
117,Kumylzhenskaya,RU,49.8809,42.5898,90.03,31,71,15.57,broken clouds
118,San Andres,CO,12.5847,-81.7006,80.62,78,20,13.8,few clouds
119,Butaritari,KI,3.0707,172.7902,83.16,72,16,9.19,few clouds
120,Port Macquarie,AU,-31.4333,152.9167,48.88,53,0,7.9,clear sky
121,Saskylakh,RU,71.9167,114.0833,84.79,45,100,6.38,overcast clouds
122,Valenca,BR,-13.3703,-39.0731,73.92,80,21,3.02,few clouds
123,Dalgopol,BG,43.05,27.35,102.47,15,3,6.58,clear sky
124,Praia Da Vitoria,PT,38.7333,-27.0667,76.75,88,20,9.66,few clouds
125,Atar,MR,20.5169,-13.0499,97.27,21,38,8.08,scattered clouds
126,Pisco,PE,-13.7,-76.2167,58.01,100,40,1.14,mist
127,Kijang,KR,35.2442,129.2139,85.73,73,50,4.72,scattered clouds
128,Lebu,CL,-37.6167,-73.65,47.25,76,0,7.87,clear sky
129,Ndende,GA,-2.4008,11.3581,84.09,35,19,0.85,few clouds
130,Miraflores,MX,19.2167,-98.8083,60.03,94,88,2.33,overcast clouds
131,Hithadhoo,MV,-0.6,73.0833,81.84,73,100,9.46,moderate rain
132,Mont-Dore,NC,-22.2833,166.5833,62.58,75,1,6.33,clear sky
133,Victoria,HK,22.2855,114.1577,88.32,85,100,4.0,moderate rain
134,Roma,US,43.2128,-75.4557,59.86,95,1,3.44,clear sky
135,Andenes,NO,69.3143,16.1194,55.08,82,75,18.41,broken clouds
136,Ban Nahin,LA,18.2418,104.2122,80.94,91,100,2.66,overcast clouds
137,Koslan,RU,63.4564,48.8989,64.44,49,83,3.98,broken clouds
138,Henties Bay,NA,-22.116,14.2845,64.33,61,0,10.92,clear sky
139,Georgetown,MY,5.4112,100.3354,87.75,73,20,1.01,few clouds
140,Teguise,ES,29.0605,-13.564,73.62,65,20,21.85,few clouds
141,Polyarnyy,RU,69.1989,33.4478,52.27,77,100,8.08,overcast clouds
142,Erenhot,CN,43.6475,111.9767,86.54,29,4,5.91,clear sky
143,Souillac,MU,-20.5167,57.5167,75.58,57,20,18.41,few clouds
144,Villa Carlos Paz,AR,-31.4241,-64.4978,30.4,43,0,4.5,clear sky
145,Bredasdorp,ZA,-34.5322,20.0403,58.28,94,91,8.05,overcast clouds
146,Arraial Do Cabo,BR,-22.9661,-42.0278,71.56,63,75,25.32,broken clouds
147,Hajipur,IN,25.6833,85.2167,85.98,70,75,3.44,haze
148,Las Choapas,MX,17.9333,-94.0833,74.1,92,89,1.54,overcast clouds
149,New Norfolk,AU,-42.7826,147.0587,47.71,70,71,1.99,light rain
150,Bethel,US,41.3712,-73.414,70.48,90,75,3.44,broken clouds
151,Chiang Khong,TH,20.2613,100.4046,89.92,79,99,3.04,overcast clouds
152,Bonavista,CA,48.6499,-53.1147,62.6,93,100,9.55,overcast clouds
153,Hay River,CA,60.8156,-115.7999,62.58,59,40,5.75,scattered clouds
154,Qasigiannguit,GL,68.8193,-51.1922,46.33,81,99,12.08,overcast clouds
155,Yulara,AU,-25.2406,130.9889,71.44,35,0,6.91,clear sky
156,Santa Marinella,IT,42.0345,11.8536,97.92,71,0,10.33,clear sky
157,Yeppoon,AU,-23.1333,150.7333,67.78,77,1,2.55,clear sky
158,Cherskiy,RU,68.75,161.3,33.35,87,100,19.73,overcast clouds
159,Kajaani,FI,64.2273,27.7285,64.45,88,8,5.75,clear sky
160,Fayaoue,NC,-20.65,166.5333,72.93,59,2,4.41,clear sky
161,Barrow,US,71.2906,-156.7887,51.82,87,90,5.75,light rain
162,Santa Fe,AR,-31.6333,-60.7,35.02,61,0,1.99,clear sky
163,Brae,GB,60.3964,-1.353,58.91,88,95,8.79,overcast clouds
164,Lakeway,US,30.3638,-97.9796,78.69,85,11,1.01,few clouds
165,Yangjiang,CN,21.85,111.9667,87.94,87,100,8.05,moderate rain
166,Dicabisagan,PH,17.0818,122.4157,83.57,80,100,5.39,overcast clouds
167,San Patricio,US,28.017,-97.5169,82.26,85,3,2.73,clear sky
168,Kamenka,RU,51.3223,42.7678,86.58,39,66,11.72,broken clouds
169,Vao,NC,-22.6667,167.4833,70.92,67,5,13.47,clear sky
170,Aksarka,RU,66.5606,67.7975,60.62,52,99,8.52,overcast clouds
171,Mitu,CO,1.1983,-70.1733,68.32,99,48,1.21,scattered clouds
172,Quatre Cocos,MU,-20.2078,57.7625,75.31,66,61,21.12,broken clouds
173,Lorengau,PG,-2.0226,147.2712,81.57,79,48,5.97,scattered clouds
174,Itaituba,BR,-4.2761,-55.9836,71.11,54,12,0.83,few clouds
175,Provideniya,RU,64.3833,-173.3,45.28,91,98,12.15,overcast clouds
176,Saint Anthony,US,45.0205,-93.218,75.65,82,75,3.0,broken clouds
177,Lompoc,US,34.6391,-120.4579,61.92,91,90,4.61,fog
178,Lingyuan,CN,41.24,119.4011,66.88,95,100,4.0,light rain
179,Hami,CN,42.8,93.45,104.77,10,33,5.82,scattered clouds
180,Coquimbo,CL,-29.9533,-71.3436,46.13,93,90,8.05,overcast clouds
181,Maxixe,MZ,-23.8597,35.3472,78.62,38,20,0.0,few clouds
182,Whitehorse,CA,60.7161,-135.0538,48.97,76,20,8.01,few clouds
183,Ilulissat,GL,69.2167,-51.1,44.29,89,99,3.58,overcast clouds
184,Norman Wells,CA,65.282,-126.8329,57.24,88,90,3.44,light rain
185,Seguela,CI,7.9611,-6.6731,72.0,84,100,3.06,overcast clouds
186,Half Moon Bay,US,37.4636,-122.4286,67.39,89,75,0.0,broken clouds
187,Husavik,IS,66.0449,-17.3389,48.11,96,100,3.53,overcast clouds
188,Bordighera,IT,43.7806,7.6645,88.29,78,3,5.01,clear sky
189,Brazzaville,CG,-4.2658,15.2832,82.76,57,5,6.91,clear sky
190,Lhokseumawe,ID,5.1801,97.1507,82.44,80,100,5.88,overcast clouds
191,Puerto Del Rosario,ES,28.5004,-13.8627,76.68,73,40,16.11,scattered clouds
192,Milkovo,RU,54.7167,158.6167,62.35,88,40,4.59,scattered clouds
193,Kidal,ML,18.4411,1.4078,94.39,38,1,12.12,clear sky
194,Sola,VU,-13.8833,167.55,79.61,79,59,12.93,broken clouds
195,Sechura,PE,-5.5569,-80.8222,67.33,77,100,8.7,overcast clouds
196,Narsaq,GL,60.9167,-46.05,47.3,75,73,1.45,broken clouds
197,Fairbanks,US,64.8378,-147.7164,57.31,93,90,0.0,overcast clouds
198,Asau,RO,46.4333,26.4,94.75,37,8,9.69,clear sky
199,Ixtapa,MX,20.7,-105.2,75.22,94,66,1.01,broken clouds
200,Mandalgovi,MN,45.7625,106.2708,80.53,28,21,2.84,few clouds
201,Salinas,US,36.6777,-121.6555,62.87,86,90,0.0,overcast clouds
202,Lasa,IT,46.6166,10.7002,78.03,51,9,3.4,clear sky
203,Bayevo,RU,53.2833,80.7667,76.84,34,81,13.85,broken clouds
204,Rondonopolis,BR,-16.4708,-54.6356,57.45,25,54,8.08,broken clouds
205,Ucluelet,CA,48.9329,-125.5528,63.09,91,0,6.33,clear sky
206,Takoradi,GH,4.8845,-1.7554,81.97,64,99,7.36,overcast clouds
207,Auki,SB,-8.7676,160.7034,76.71,87,20,3.11,few clouds
208,Goderich,CA,43.7501,-81.7165,66.9,88,100,8.05,light rain
209,Khatanga,RU,71.9667,102.5,76.28,47,2,5.46,clear sky
210,Vicosa Do Ceara,BR,-3.5622,-41.0922,74.25,65,7,4.7,clear sky
211,Guerrero Negro,MX,27.9769,-114.0611,68.67,89,0,11.23,clear sky
212,Najran,SA,17.4924,44.1277,106.45,11,43,18.5,scattered clouds
213,Iqaluit,CA,63.7506,-68.5145,42.53,75,20,4.0,few clouds
214,Behshahr,IR,36.6923,53.5526,78.75,82,92,7.54,overcast clouds
215,Aras,ES,42.5617,-2.356,78.06,48,20,6.91,few clouds
216,Port Arthur,CN,38.8,121.2667,82.62,82,100,20.49,light rain
217,Dolinsk,RU,47.35,142.8,76.86,84,28,5.82,scattered clouds
218,Orissaare,EE,58.5592,23.0826,75.15,60,45,17.58,scattered clouds
219,Okato,NZ,-39.2,173.8833,52.43,91,96,9.95,overcast clouds
220,Hays,US,30.0502,-98.0336,77.49,91,6,3.31,clear sky
221,Nemuro,JP,43.3236,145.575,66.58,99,76,10.18,broken clouds
222,Verkhniye Tatyshly,RU,56.2912,55.8575,74.84,34,4,11.54,clear sky
223,Trat,TH,12.5,102.5,80.04,88,99,7.18,overcast clouds
224,Kaseda,JP,31.4167,130.3167,87.03,79,0,2.75,clear sky
225,Susurluk,TR,39.9136,28.1578,99.84,18,0,18.39,clear sky
226,Lethem,GY,3.3803,-59.7968,73.49,92,99,3.22,overcast clouds
227,Pohrebyshche,UA,49.4864,29.2636,86.83,46,0,8.32,clear sky
228,Morant Bay,JM,17.8815,-76.4093,76.62,79,21,7.14,few clouds
229,Puerto Madryn,AR,-42.7692,-65.0385,47.55,49,0,6.26,clear sky
230,Shiyan,CN,32.6475,110.7781,82.42,60,18,3.18,few clouds
231,Hasaki,JP,35.7333,140.8333,80.89,86,7,12.62,clear sky
232,Burnie,AU,-41.0667,145.9167,47.93,87,7,7.78,clear sky
233,Mar Del Plata,AR,-38.0023,-57.5575,43.88,67,0,1.01,clear sky
234,Saint-Pierre,RE,-21.3393,55.4781,74.88,55,0,33.38,clear sky
235,Qaanaaq,GL,77.484,-69.3632,44.91,93,100,12.91,light rain
236,Pangnirtung,CA,66.1451,-65.7125,54.82,54,87,2.01,overcast clouds
237,Ponta Delgada,PT,37.7333,-25.6667,72.32,83,40,10.36,scattered clouds
238,Yerbogachen,RU,61.2767,108.0108,79.27,35,7,9.4,clear sky
239,Winnemucca,US,40.973,-117.7357,66.11,44,1,6.91,clear sky
240,Martapura,ID,-3.4167,114.85,84.29,61,81,3.44,broken clouds
241,Santa Vitoria Do Palmar,BR,-33.5189,-53.3681,38.07,87,8,10.6,clear sky
242,Geraldton,AU,-28.7667,114.6,66.13,82,90,14.97,overcast clouds
243,Faanui,PF,-16.4833,-151.75,78.12,75,78,7.78,light rain
244,Road Town,VG,18.4167,-64.6167,82.2,77,4,18.61,clear sky
245,Bonfim,BR,3.0833,-59.95,74.05,90,98,1.77,overcast clouds
246,Nizwa,OM,22.9333,57.5333,104.7,24,26,16.69,scattered clouds
247,Omsukchan,RU,62.5333,155.8,35.92,99,100,6.53,light rain
248,Mafra,BR,-26.1114,-49.8053,31.93,77,8,3.02,clear sky
249,Hervey Bay,AU,-25.2986,152.8535,65.03,65,6,11.68,clear sky
250,Polson,US,47.6936,-114.1632,66.78,85,99,2.75,overcast clouds
251,Kahului,US,20.8947,-156.47,75.85,91,1,16.11,clear sky
252,Baracoa,CU,20.3467,-74.4958,79.45,86,35,10.47,scattered clouds
253,San Jose,US,37.3394,-121.895,67.78,83,1,6.91,clear sky
254,Nishihara,JP,26.1842,127.7558,83.86,88,20,10.36,few clouds
255,Nyagan,RU,62.1406,65.3936,51.64,73,94,4.61,light rain
256,Grindavik,IS,63.8424,-22.4338,61.56,72,0,6.91,clear sky
257,Portales,US,34.1862,-103.3344,67.95,65,7,2.35,clear sky
258,Clyde River,CA,70.4692,-68.5914,44.83,81,1,3.44,clear sky
259,Deer Lake,CA,49.1667,-57.4316,57.06,88,20,13.8,few clouds
260,Waipawa,NZ,-41.4122,175.5153,52.45,90,38,4.72,scattered clouds
261,Mahebourg,MU,-20.4081,57.7,75.49,57,20,18.41,few clouds
262,Hit,IQ,33.6416,42.8251,108.45,11,0,21.3,clear sky
263,Colares,PT,38.7992,-9.4469,78.04,60,20,15.01,few clouds
264,Zyryanka,RU,65.75,150.85,39.69,96,100,8.57,light rain
265,Salalah,OM,17.0151,54.0924,80.73,80,78,18.61,broken clouds
266,Fortuna,US,40.5982,-124.1573,62.19,94,1,0.0,clear sky
267,Ersekvadkert,HU,47.9962,19.2023,83.97,32,2,14.52,clear sky
268,Ancud,CL,-41.8697,-73.8203,40.53,89,6,3.89,clear sky
269,Trairi,BR,-3.2778,-39.2689,81.23,74,27,11.63,scattered clouds
270,Darovskoy,RU,58.77,47.9564,78.85,41,99,10.4,moderate rain
271,Kandry,RU,54.5667,54.1167,79.52,24,45,7.92,scattered clouds
272,Shingu,JP,33.7333,135.9833,81.59,89,20,6.51,few clouds
273,Cabo San Lucas,MX,22.8909,-109.9124,85.51,61,8,1.99,clear sky
274,Champasak,LA,14.75,106.0,88.68,92,71,1.23,light rain
275,Thompson,CA,55.7435,-97.8558,41.16,93,20,0.0,few clouds
276,Mount Vernon,US,40.9126,-73.8371,73.02,86,75,1.01,broken clouds
277,Sorong,ID,-0.8833,131.25,83.26,75,100,0.81,overcast clouds
278,Zemio,CF,5.0314,25.1361,85.59,52,100,4.83,overcast clouds
279,The Pas,CA,53.8251,-101.2541,57.22,82,90,4.07,overcast clouds
280,Atambua,ID,-9.1061,124.8925,72.93,79,4,2.55,clear sky
281,Harbour Breton,CA,47.4833,-55.7983,62.01,91,99,7.58,overcast clouds
282,Hirara,JP,24.8,125.2833,84.47,84,75,4.61,broken clouds
283,Prince Albert,CA,53.2001,-105.7677,57.15,72,20,8.05,few clouds
284,Raga,SS,8.4596,25.678,83.55,67,38,3.67,light rain
285,Namibe,AO,-15.1961,12.1522,74.03,73,0,0.0,clear sky
286,Portland,US,45.5234,-122.6762,71.53,70,1,1.01,clear sky
287,Sabang,ID,5.8933,95.3214,83.98,76,97,24.02,overcast clouds
288,Plyussa,RU,58.4308,29.3654,80.42,41,88,9.57,overcast clouds
289,Dryden,CA,49.7833,-92.7503,59.29,72,90,5.75,overcast clouds
290,Pareora,NZ,-44.4871,171.2132,44.19,96,56,4.32,broken clouds
291,Bosobolo,CD,4.1833,19.9,90.23,43,78,2.17,broken clouds
292,Te Anau,NZ,-45.4167,167.7167,44.02,90,98,2.3,overcast clouds
293,Leh,IN,34.1667,77.5833,72.27,35,81,2.75,broken clouds
294,Nabire,ID,-3.3667,135.4833,78.01,87,99,2.75,overcast clouds
295,Nhulunbuy,AU,-12.2333,136.7667,75.81,88,89,5.75,overcast clouds
296,Bambous Virieux,MU,-20.3428,57.7575,75.45,57,20,18.41,few clouds
297,Merauke,ID,-8.4667,140.3333,79.47,83,64,12.64,broken clouds
298,Birao,CF,10.2849,22.7882,88.36,52,95,5.66,overcast clouds
299,Verkhnevilyuysk,RU,63.4453,120.3167,67.96,50,23,2.98,few clouds
300,Mahibadhoo,MV,3.7833,72.9667,83.1,69,100,8.9,overcast clouds
301,Dudinka,RU,69.4058,86.1778,67.3,50,100,7.74,overcast clouds
302,Beringovskiy,RU,63.05,179.3167,47.89,80,98,12.71,overcast clouds
303,Hue,VN,16.4667,107.6,98.71,39,20,8.05,few clouds
304,Atikokan,CA,48.7555,-91.6216,53.91,96,0,6.49,clear sky
305,Grand Gaube,MU,-20.0064,57.6608,75.6,63,58,11.99,broken clouds
306,Visnes,NO,59.3556,5.2242,66.81,77,40,10.36,scattered clouds
307,Upernavik,GL,72.7868,-56.1549,43.07,92,100,14.2,light rain
308,Basco,PH,20.4487,121.9702,83.59,86,100,26.28,overcast clouds
309,Narbonne,FR,43.0833,2.8333,83.32,35,0,8.3,clear sky
310,Derzhavinsk,KZ,51.1,66.3167,73.33,26,0,12.46,clear sky
311,Asahikawa,JP,43.7678,142.3703,79.81,69,75,11.5,broken clouds
312,Mandera,KE,3.9366,41.867,91.53,29,96,22.48,overcast clouds
313,Trelew,AR,-43.249,-65.3051,43.38,54,0,5.41,clear sky
314,Sept-Iles,CA,50.2001,-66.3821,55.06,85,75,3.44,broken clouds
315,Ketchikan,US,55.3422,-131.6461,59.47,88,90,0.0,overcast clouds
316,Tiksi,RU,71.6872,128.8694,50.13,63,10,3.42,clear sky
317,Kloulklubed,PW,7.0419,134.2556,85.05,74,73,3.74,broken clouds
318,Haines Junction,CA,60.7522,-137.5108,40.95,93,100,0.0,overcast clouds
319,Podolinec,SK,49.2587,20.536,75.92,67,82,3.15,broken clouds
320,Dawei,MM,14.0833,98.2,78.8,90,100,5.68,overcast clouds
321,Imeni Poliny Osipenko,RU,52.4201,136.4853,64.58,95,100,13.67,moderate rain
322,Olinda,BR,-8.0089,-34.8553,73.13,83,0,0.0,clear sky
323,Mount Gambier,AU,-37.8333,140.7667,48.11,71,0,10.36,clear sky
324,Kyshtovka,RU,56.555,76.6271,64.15,49,20,11.1,few clouds
325,Ngunguru,NZ,-35.6167,174.5,53.17,86,96,7.05,overcast clouds
326,Cap-Aux-Meules,CA,47.3821,-61.8597,60.85,82,40,8.05,scattered clouds
327,Coihueco,CL,-36.6167,-71.8333,30.94,64,0,3.44,clear sky
328,French Harbor,HN,16.35,-86.4333,80.01,94,87,3.0,overcast clouds
329,Nara,JP,34.6851,135.8049,86.97,94,11,5.68,few clouds
330,Hovd,MN,48.0056,91.6419,75.0,19,27,8.55,scattered clouds
331,Port Hardy,CA,50.6996,-127.4199,59.0,100,40,3.44,scattered clouds
332,Labrea,BR,-7.2586,-64.7981,71.82,54,8,5.41,clear sky
333,Dingle,PH,10.9995,122.6711,80.29,83,100,8.72,overcast clouds
334,Longyearbyen,SJ,78.2186,15.6401,46.24,71,40,12.66,scattered clouds
335,Fairview,US,40.8126,-73.999,72.61,84,75,1.99,broken clouds
336,Luderitz,NA,-26.6481,15.1594,69.91,35,0,17.22,clear sky
337,Pandan,PH,14.0453,124.1694,83.28,78,100,10.56,overcast clouds
338,Vila Velha,BR,-20.3297,-40.2925,67.95,77,75,13.8,broken clouds
339,Zarand,IR,30.8127,56.564,89.06,11,89,15.61,overcast clouds
340,Haradok,BY,55.4624,29.9816,82.51,41,100,5.84,light rain
341,Zaltan,LY,32.947,11.8665,93.13,29,0,9.08,clear sky
342,Galveston,US,29.3669,-94.9669,83.97,90,0,3.94,clear sky
343,Carmen,MX,18.6333,-91.8333,78.15,85,69,11.18,broken clouds
344,La Ronge,CA,55.1001,-105.2842,61.05,77,75,5.75,broken clouds
345,Vila,PT,42.0304,-8.1588,75.74,33,5,4.38,clear sky
346,Asyut,EG,27.181,31.1837,98.78,11,1,18.88,clear sky
347,Corinth,GR,37.9407,22.9573,106.84,37,0,1.01,clear sky
348,Pincher Creek,CA,49.4833,-113.952,64.51,74,75,9.22,broken clouds
349,Svetlogorsk,BY,52.6333,29.7333,87.3,40,24,7.16,few clouds
350,Morogoro,TZ,-6.8167,37.6667,77.13,48,74,3.74,broken clouds
351,Taoudenni,ML,22.6783,-3.9836,107.33,20,75,17.31,broken clouds
352,Belmonte,BR,-15.8631,-38.8828,70.3,82,20,11.52,few clouds
353,Oyem,GA,1.5995,11.5793,76.08,52,55,2.24,light rain
354,Bogo,PH,11.0517,124.0055,83.88,75,100,3.29,overcast clouds
355,Ahuimanu,US,21.4447,-157.8378,78.51,72,40,5.75,scattered clouds
356,Proletariy,RU,58.4342,31.7046,78.64,49,96,8.88,overcast clouds
357,Sinnamary,GF,5.3833,-52.95,78.28,85,11,4.99,few clouds
358,Bathsheba,BB,13.2167,-59.5167,81.21,78,20,19.57,few clouds
359,Sinfra,CI,6.6167,-5.9167,76.37,56,96,4.5,overcast clouds
360,Coihaique,CL,-45.5752,-72.0662,37.35,87,0,12.66,clear sky
361,Kirakira,SB,-10.4544,161.9205,78.42,86,9,4.72,clear sky
362,Leningradskiy,RU,69.3833,178.4167,32.77,99,100,15.21,snow
363,Sarkand,KZ,45.41,79.9186,88.05,17,2,9.91,clear sky
364,Kibaya,TZ,-5.3,36.5667,74.3,34,10,7.81,clear sky
365,Wawa,NG,9.9022,4.4192,83.52,63,88,6.85,light rain
366,Labuhan,ID,-6.8844,112.2051,80.37,72,57,7.09,broken clouds
367,Poddorye,RU,57.4695,31.1156,80.33,44,97,8.28,overcast clouds
368,Doctor Juan Leon Mallorquin,PY,-25.4,-55.2667,29.93,79,3,2.39,clear sky
369,Sciacca,IT,37.5082,13.0881,105.48,40,0,8.16,clear sky
370,Hengyang,CN,26.8881,112.615,93.6,47,30,2.55,scattered clouds
371,Vila Franca Do Campo,PT,37.7167,-25.4333,72.01,74,58,7.4,broken clouds
372,Rio Gallegos,AR,-51.6226,-69.2181,42.85,56,0,6.91,clear sky
373,Pocone,BR,-16.2567,-56.6228,57.88,22,58,7.52,broken clouds
374,Sitka,US,57.0531,-135.33,55.29,82,40,0.0,scattered clouds
375,Miri,MY,4.4148,114.0089,87.94,74,40,4.61,scattered clouds
376,Tarn Taran,IN,31.45,74.9253,89.62,61,53,2.44,broken clouds
377,Aswan,EG,24.0934,32.907,103.3,16,0,13.8,clear sky
378,Mount Pleasant,US,32.7941,-79.8626,75.99,98,90,0.0,fog
379,Bambanglipuro,ID,-7.95,110.2833,78.17,79,35,12.48,scattered clouds
380,Wuhu,CN,31.3366,118.3755,84.11,86,3,7.65,clear sky
381,Amilly,FR,47.9728,2.7719,72.54,64,10,9.6,clear sky
382,Leshukonskoye,RU,64.8989,45.7622,56.79,55,100,3.98,overcast clouds
383,Siavonga,ZM,-16.5382,28.7088,73.15,39,74,4.21,broken clouds
384,Carnarvon,AU,-24.8667,113.6333,68.07,72,90,10.36,overcast clouds
385,Umm Lajj,SA,25.0213,37.2685,90.09,58,63,14.7,broken clouds
386,San Rafael Del Sur,NI,11.8485,-86.4384,74.37,81,94,11.23,overcast clouds
387,Kaeo,NZ,-35.1,173.7833,53.33,94,89,4.61,overcast clouds
388,Tateyama,JP,34.9833,139.8667,83.01,85,3,12.86,clear sky
389,Karratha,AU,-20.7377,116.8463,71.24,70,5,11.5,clear sky
390,Nuuk,GL,64.1835,-51.7216,41.88,93,96,4.0,overcast clouds
391,Spearfish,US,44.4908,-103.8594,71.1,71,75,5.99,moderate rain
392,Port Hedland,AU,-20.3167,118.5667,71.65,73,2,12.66,clear sky
393,Quarai,BR,-30.3875,-56.4514,32.99,87,4,4.54,clear sky
394,Konakovo,RU,56.7,36.7667,80.82,46,95,7.99,overcast clouds
395,Sovetskaya,RU,44.7769,41.1722,88.74,28,0,13.15,clear sky
396,Asfi,MA,32.2994,-9.2372,76.78,67,51,15.97,broken clouds
397,Pampierstad,ZA,-27.7832,24.6877,71.78,17,0,8.95,clear sky
398,Yemelyanovo,RU,56.1681,92.6767,68.81,52,40,4.47,scattered clouds
399,Acari,PE,-15.4311,-74.6158,64.06,70,66,3.11,broken clouds
400,Ulladulla,AU,-35.35,150.4667,52.7,72,0,6.4,clear sky
401,Buldana,IN,20.5333,76.1833,75.7,78,100,15.3,overcast clouds
402,Porbandar,IN,21.6422,69.6093,83.41,80,100,25.14,overcast clouds
403,Maniitsoq,GL,65.4167,-52.9,45.63,76,98,3.38,overcast clouds
404,Rocha,UY,-34.4833,-54.3333,39.78,85,43,9.37,scattered clouds
405,Bilibino,RU,68.0546,166.4372,33.51,83,100,6.96,overcast clouds
406,Nouadhibou,MR,20.931,-17.0347,75.18,78,20,13.8,few clouds
407,Aksu,CN,41.1231,80.2644,103.78,10,10,3.74,clear sky
408,Aloleng,PH,16.1307,119.7824,81.72,86,100,15.05,overcast clouds
409,Hlatikulu,SZ,-26.9667,31.3167,70.93,13,0,8.34,clear sky
410,Carbonear,CA,47.7332,-53.2148,64.6,92,100,8.63,overcast clouds
411,Atlixco,MX,18.9082,-98.4361,57.96,89,77,6.4,broken clouds
412,Kavaratti,IN,10.5669,72.642,82.63,79,100,15.66,overcast clouds
413,Ternate,ID,0.8,127.4,82.31,80,94,6.35,overcast clouds
414,Maicao,CO,11.3832,-72.2432,78.3,83,53,9.84,broken clouds
415,Acarau,BR,-2.8856,-40.12,79.95,79,16,12.8,few clouds
416,Malindi,KE,-3.2175,40.1191,80.76,74,75,19.57,broken clouds
417,Tabuk,PH,17.4189,121.4443,77.63,91,100,2.77,overcast clouds
418,Mendoza,AR,-32.8908,-68.8272,29.73,69,0,3.44,clear sky
419,Antofagasta,CL,-23.65,-70.4,62.22,60,7,5.66,clear sky
420,Inongo,CD,-1.95,18.2667,72.05,35,54,2.19,broken clouds
421,Bardiyah,LY,31.7561,25.0865,90.23,42,0,17.76,clear sky
422,Vanavara,RU,60.34,102.2797,78.62,55,100,11.1,light rain
423,Kjollefjord,NO,70.9457,27.3465,47.98,81,99,9.62,overcast clouds
424,Zhuhai,CN,22.2769,113.5678,88.05,84,20,5.75,moderate rain
425,Colombo,LK,6.9319,79.8478,85.95,76,83,12.37,broken clouds
426,Pentecoste,BR,-3.7928,-39.2703,79.68,69,30,6.98,scattered clouds
427,Severo-Yeniseyskiy,RU,60.3725,93.0408,52.52,95,100,4.56,overcast clouds
428,San Vicente,AR,-26.6167,-54.1333,28.94,89,5,2.13,clear sky
429,Yarmouth,US,41.7057,-70.2286,67.96,91,1,1.01,clear sky
430,Sao Filipe,CV,14.8961,-24.4956,74.35,77,43,5.66,scattered clouds
431,Nicoya,CR,10.1483,-85.452,73.35,94,88,2.21,overcast clouds
432,Tomohon,ID,1.3346,124.8392,70.74,92,44,2.53,scattered clouds
433,Tres Arroyos,AR,-38.3739,-60.2798,35.49,65,5,8.72,clear sky
434,Werda,BW,-25.2667,23.2833,71.42,18,0,4.47,clear sky
435,Fare,PF,-16.7,-151.0167,77.99,76,58,9.44,light rain
436,Entre Rios,BR,-11.9419,-38.0844,71.71,91,27,3.13,scattered clouds
437,Lewistown,US,40.5992,-77.5714,68.9,92,1,0.0,clear sky
438,Turan,VN,16.0678,108.2208,98.65,62,20,8.05,few clouds
439,Tokur,RU,53.1333,132.9,61.57,91,100,1.48,overcast clouds
440,Mananara,MG,-16.1667,49.7667,72.48,92,77,8.39,moderate rain
441,Tomatlan,MX,19.9333,-105.25,73.4,95,100,1.36,overcast clouds
442,Chipinge,ZW,-20.1883,32.6236,71.83,27,12,6.53,few clouds
443,Koumac,NC,-20.5667,164.2833,68.54,72,32,5.59,scattered clouds
444,Sao Felix Do Xingu,BR,-6.6447,-51.995,73.26,50,1,1.34,clear sky
445,Honningsvag,NO,70.9821,25.9704,44.35,93,75,12.66,broken clouds
446,Egvekinot,RU,66.3167,-179.1667,39.04,91,100,4.85,overcast clouds
447,Orhangazi,TR,40.4892,29.3089,95.76,23,0,14.99,clear sky
448,Laguna,US,38.421,-121.4238,81.21,67,1,1.99,clear sky
449,Eyl,SO,7.9803,49.8164,86.58,53,93,28.72,overcast clouds
450,Noumea,NC,-22.2763,166.4572,62.58,70,1,6.69,clear sky
451,Lazaro Cardenas,MX,17.9583,-102.2,76.37,87,49,4.45,scattered clouds
452,Havoysund,NO,70.9963,24.6622,47.28,83,100,12.82,overcast clouds
453,Maunabo,PR,18.0072,-65.8993,80.89,87,56,11.54,broken clouds
454,Doha,QA,25.2867,51.5333,115.11,35,0,18.41,clear sky
455,Totma,RU,59.9747,42.7642,64.04,92,98,1.41,overcast clouds
456,Thunder Bay,CA,48.4001,-89.3168,63.99,98,40,2.3,fog
457,Hurghada,EG,27.2574,33.8129,98.64,19,0,19.57,clear sky
458,Channel-Port Aux Basques,CA,47.5702,-59.1367,59.52,84,6,11.45,clear sky
459,Irshava,UA,48.3167,23.0385,83.98,66,34,8.43,scattered clouds
460,Saiha,IN,22.4833,92.9667,76.41,94,100,4.03,overcast clouds
461,Majene,ID,-3.5403,118.9707,80.46,80,90,3.2,overcast clouds
462,Maues,BR,-3.3836,-57.7186,71.65,62,25,1.86,scattered clouds
463,Gander,CA,48.9682,-54.5906,61.18,100,90,4.0,overcast clouds
464,Isangel,VU,-19.55,169.2667,71.24,78,19,3.83,few clouds
465,Maumere,ID,-8.6199,122.2111,77.94,76,5,8.55,clear sky
466,Coahuayana,MX,18.7333,-103.6833,77.16,88,97,3.33,overcast clouds
467,Kieta,PG,-6.2167,155.6333,80.22,83,92,5.17,overcast clouds
468,Farafenni,GM,13.5667,-15.6,83.7,66,100,2.57,overcast clouds
469,Kodinsk,RU,58.6881,99.1844,76.05,60,11,10.07,few clouds
470,Tokat,TR,40.4167,36.5833,71.4,38,3,17.76,clear sky
471,Jalalpur Pirwala,PK,29.5069,71.2192,105.76,33,93,6.91,overcast clouds
472,Tilichiki,RU,60.4667,166.1,46.6,66,91,7.49,overcast clouds
473,Amapa,BR,1.0,-52.0,72.18,98,99,1.32,overcast clouds
474,Acapulco,MX,16.8634,-99.8901,78.24,87,83,4.79,broken clouds
475,Constitucion,CL,-35.3333,-72.4167,48.33,67,0,4.18,clear sky
476,Zambezi,ZM,-13.5432,23.1047,80.73,17,56,6.85,broken clouds
477,Porto Santo,PT,33.072,-16.3415,73.78,60,20,17.27,few clouds
478,Manbij,SY,36.5281,37.9549,99.37,15,0,10.96,clear sky
479,Sorland,NO,67.667,12.6934,50.85,85,7,28.07,clear sky
480,Ustynivka,UA,47.9551,32.5367,93.58,33,30,9.37,scattered clouds
481,Berlevag,NO,70.8578,29.0864,48.15,76,75,4.61,broken clouds
482,Ginir,ET,7.1333,40.7,72.12,47,54,11.79,broken clouds
483,Puerto Baquerizo Moreno,EC,-0.9,-89.6,70.93,87,84,9.53,broken clouds
484,Saint-Joseph,RE,-21.3667,55.6167,73.78,74,57,16.98,broken clouds
485,Naantali,FI,60.4674,22.0243,73.81,64,20,19.57,few clouds
486,Arlit,NE,18.7369,7.3853,95.16,36,62,6.67,broken clouds
487,The Valley,AI,18.217,-63.0578,80.46,79,7,19.1,clear sky
488,Novyy Urengoy,RU,66.0833,76.6333,66.87,63,81,17.94,light rain
489,Dali,CN,25.7,100.1833,66.56,90,100,3.31,overcast clouds
490,Umea,SE,63.8284,20.2597,80.53,50,0,6.91,clear sky
491,Eufaula,US,31.8913,-85.1455,74.43,97,1,0.0,mist
492,Behbahan,IR,30.5959,50.2417,111.16,6,3,17.92,clear sky
493,Black River,JM,18.0264,-77.8487,78.8,87,35,4.03,scattered clouds
494,Kerrville,US,30.0474,-99.1403,74.44,92,40,0.0,scattered clouds
495,Ossora,RU,59.2353,163.0719,53.06,77,100,6.91,overcast clouds
496,Gat,IL,31.61,34.7642,94.41,34,0,14.88,clear sky
497,Darhan,MN,49.4867,105.9228,74.61,60,2,7.0,clear sky
498,Clarence Town,AU,-32.5833,151.7833,55.56,55,0,3.29,clear sky
499,Gasa,PS,31.5,34.4667,90.91,49,0,13.49,clear sky
500,Inhuma,BR,-6.6683,-41.7078,81.03,44,78,7.31,broken clouds
501,Kavieng,PG,-2.5744,150.7967,82.8,76,5,5.48,clear sky
502,Chissamba,AO,-12.1667,17.3333,71.78,16,2,5.48,clear sky
503,Chippewa Falls,US,44.9369,-91.3929,70.68,93,40,0.0,mist
504,Sohbatpur,PK,28.5202,68.5434,112.5,22,89,7.83,overcast clouds
505,Chicama,PE,-7.8447,-79.1469,63.36,90,65,2.82,broken clouds
506,Kapiri Mposhi,ZM,-13.9652,28.6809,75.56,22,49,5.41,scattered clouds
507,Santa Cruz,BO,-17.8,-63.1667,58.46,30,75,19.57,broken clouds
508,Victor Harbor,AU,-35.5667,138.6167,57.72,71,0,14.09,clear sky
509,El Alto,PE,-4.2714,-81.2147,64.33,86,45,9.91,scattered clouds
510,La Seyne-Sur-Mer,FR,43.0982,5.8847,94.68,62,0,3.0,clear sky
511,Papara,BR,-3.9839,-38.7273,81.72,74,49,6.85,scattered clouds
512,Korla,CN,41.7597,86.1469,103.82,11,1,3.44,clear sky
513,Kalmar,SE,56.6616,16.3616,73.33,55,40,18.41,moderate rain
514,Anadyr,RU,64.75,177.4833,45.1,70,20,17.9,few clouds
515,Muramatsu,JP,37.6833,139.1833,76.26,92,27,2.46,scattered clouds
516,Zheleznodorozhnyy,RU,55.7503,38.0042,77.36,54,85,7.7,overcast clouds
517,Lagoa,PT,39.05,-27.9833,69.8,85,100,9.62,overcast clouds
518,Makakilo City,US,21.3469,-158.0858,77.32,71,1,3.44,clear sky
519,Jacksonville,US,30.3322,-81.6556,76.05,95,75,1.01,mist
520,Muros,ES,42.7762,-9.0603,74.08,57,3,11.61,clear sky
521,Claresholm,CA,50.0333,-113.5852,63.93,72,100,2.3,overcast clouds
522,Basudebpur,IN,21.1353,86.7386,82.81,79,100,18.5,overcast clouds
523,Langenau,DE,48.4962,10.1185,75.9,67,42,8.48,scattered clouds
524,Robore,BO,-18.3333,-59.75,57.29,51,90,13.8,overcast clouds
525,Baykit,RU,61.67,96.37,74.75,78,61,5.14,moderate rain
526,Marawi,PH,7.9986,124.2928,72.39,89,99,1.66,overcast clouds
527,Touros,BR,-5.1989,-35.4608,74.3,73,66,12.71,broken clouds
528,Severodvinsk,RU,64.5635,39.8302,66.31,59,50,6.64,scattered clouds
529,Batagay,RU,67.6333,134.6333,58.73,48,67,4.79,broken clouds
530,Nalut,LY,30.3333,10.85,93.63,14,0,6.67,clear sky
531,San Juan,AR,-31.5375,-68.5364,40.44,51,0,2.46,clear sky
532,Saint-Georges,GD,12.0564,-61.7485,74.88,100,75,5.75,broken clouds
533,Athmallik,IN,20.7219,84.5348,76.39,89,100,12.53,light rain
534,Tecoanapa,MX,16.5167,-98.75,76.84,90,100,4.7,overcast clouds
535,Tukrah,LY,32.5341,20.5791,87.66,50,0,12.62,clear sky
536,Svetlyy,RU,54.675,20.1347,77.05,53,26,10.27,scattered clouds
537,Klaksvik,FO,62.2266,-6.589,54.52,94,100,6.04,overcast clouds
538,Wonthaggi,AU,-38.6044,145.5913,53.2,74,18,15.86,few clouds
539,Sharjah,AE,25.3573,55.4033,111.36,30,0,9.22,clear sky
540,Ngerengere,TZ,-6.75,38.1167,86.18,35,64,5.55,broken clouds
541,Lahij,YE,13.1667,44.5833,88.41,51,89,8.43,overcast clouds
542,Nambucca Heads,AU,-30.65,153.0,48.2,52,0,7.49,clear sky
543,Rio Casca,BR,-20.2261,-42.6508,66.29,57,21,12.53,few clouds
544,Luau,AO,-10.7073,22.2247,85.78,16,3,4.05,clear sky
545,Roebourne,AU,-20.7833,117.1333,71.76,66,7,13.91,clear sky
546,Anloga,GH,5.7947,0.8973,82.62,67,83,8.95,broken clouds
547,Jalu,LY,29.0331,21.5482,98.01,19,0,9.15,clear sky
548,Roura,GF,4.7263,-52.3274,77.97,94,90,2.3,overcast clouds
549,Teknaf,BD,20.8624,92.3058,81.82,85,90,15.75,light rain
550,Meadow Lake,US,34.8014,-106.5436,73.11,57,17,2.75,few clouds
551,Ramsgate,GB,51.3358,1.4155,69.93,47,5,4.0,clear sky
552,Taltal,CL,-25.4,-70.4833,56.01,57,0,2.19,clear sky
553,Alamosa,US,37.4695,-105.87,60.31,80,51,1.41,broken clouds
554,Aksarayskiy,RU,46.7924,48.0119,91.35,17,18,8.52,few clouds
555,Ust-Ishim,RU,57.6935,71.1665,58.68,61,99,6.44,overcast clouds
556,Zamora,EC,-4.0692,-78.9567,65.26,100,98,1.66,overcast clouds
557,Lobatse,BW,-25.2167,25.6667,69.12,18,0,6.85,clear sky
558,Beaverlodge,CA,55.2166,-119.4361,52.95,74,33,4.03,scattered clouds
559,Sydney,AU,-33.8679,151.2073,52.9,57,0,4.0,clear sky
560,Altay,CN,47.8667,88.1167,83.19,11,80,8.68,broken clouds
561,Camana,PE,-16.6228,-72.7111,58.91,87,69,7.61,broken clouds
562,Northam,GB,51.0333,-4.2167,67.71,76,54,10.96,broken clouds
563,Poltar,SK,48.4309,19.7941,84.78,34,4,8.05,clear sky
564,Manta,EC,-0.95,-80.7333,71.22,87,100,10.92,overcast clouds
565,Sibolga,ID,1.7427,98.7792,81.52,77,83,2.17,heavy intensity rain
566,Ostersund,SE,63.1792,14.6357,77.61,68,0,5.75,clear sky
567,Krasnoselkup,RU,65.7,82.4667,68.59,54,100,15.88,overcast clouds
568,Ahipara,NZ,-35.1667,173.1667,53.92,93,97,6.53,overcast clouds
569,Malanje,AO,-9.5402,16.341,77.38,53,75,5.75,broken clouds
570,Liaocheng,CN,36.4439,115.9647,69.17,94,100,19.66,overcast clouds
571,Beira,MZ,-19.8436,34.8389,77.09,50,40,5.01,scattered clouds
572,Esso,RU,55.9333,158.7,58.33,91,62,3.56,broken clouds
573,Saravan,AM,39.7196,45.6483,72.25,44,77,7.87,broken clouds
574,Melito Di Porto Salvo,IT,37.9222,15.7714,96.69,21,0,18.41,clear sky
575,Zihuatanejo,MX,17.6333,-101.55,78.75,82,48,4.41,scattered clouds
576,Solwezi,ZM,-12.1688,26.3894,76.78,23,10,4.88,clear sky
577,Yerofey Pavlovich,RU,53.9667,121.9667,62.85,93,84,3.85,broken clouds
578,Puri,IN,19.8,85.85,82.92,86,100,22.3,light rain
579,Peniche,PT,39.3558,-9.3811,75.61,71,9,17.31,clear sky
580,Meulaboh,ID,4.1363,96.1285,82.69,72,96,4.79,overcast clouds
581,Dumas,US,35.8656,-101.9732,69.66,77,1,5.75,clear sky
582,Parana,AR,-31.732,-60.5238,34.57,62,0,3.71,clear sky
583,Montrose,US,38.4166,-108.2673,53.94,80,100,1.88,overcast clouds
584,Benghazi,LY,32.1167,20.0667,86.14,59,0,16.78,clear sky
585,Sun City West,US,33.662,-112.3413,90.41,50,1,3.44,clear sky
586,Butia,BR,-30.1197,-51.9622,33.85,93,11,5.08,few clouds
587,Fort Nelson,CA,58.8053,-122.7002,49.59,87,20,2.3,few clouds
588,Honggang,CN,46.4667,124.8667,76.37,71,100,4.45,overcast clouds
589,Kemin,KG,42.7846,75.6892,90.03,20,15,15.39,few clouds
590,Killybegs,IE,54.6333,-8.45,58.71,80,98,12.15,overcast clouds
591,Mezen,RU,65.8522,44.24,56.84,52,99,5.37,overcast clouds
592,Wana,PK,32.2989,69.5725,87.93,49,12,11.32,few clouds
593,Anzio,IT,41.4853,12.6179,99.45,45,0,15.64,clear sky
594,Tabou,CI,4.423,-7.3528,80.31,71,79,7.92,light rain
595,Comodoro Rivadavia,AR,-45.8667,-67.5,42.66,70,0,2.3,clear sky
596,El Jicaro,GT,14.9167,-89.9,73.54,99,100,1.36,overcast clouds
597,Sao Joao Da Barra,BR,-21.6403,-41.0511,64.49,77,100,22.66,overcast clouds
598,Adre,TD,13.4667,22.2,85.71,52,84,3.27,broken clouds
599,Houma,US,29.5958,-90.7195,80.98,96,94,0.92,overcast clouds
600,Valdivia,CL,-39.8142,-73.2459,37.49,97,12,3.29,few clouds
601,Ormara,PK,25.2088,64.6357,82.98,84,98,17.47,overcast clouds
602,Katsuura,JP,35.1333,140.3,83.1,87,5,12.41,clear sky
603,Kudahuvadhoo,MV,2.6708,72.8944,82.58,72,100,6.96,overcast clouds
604,Ligayan,PH,4.6533,119.4706,85.06,77,54,11.99,broken clouds
605,Lima,PE,-12.0432,-77.0282,59.25,88,90,5.75,overcast clouds
606,Fengcheng,CN,40.4536,124.0717,77.63,86,98,4.74,light rain
607,Mehamn,NO,71.0357,27.8492,48.11,84,99,8.86,overcast clouds
608,Saint-Leu,RE,-21.15,55.2833,74.26,71,83,7.99,broken clouds
609,Lloret De Mar,ES,41.6999,2.8457,89.73,57,0,8.01,clear sky
610,Aljezur,PT,37.3191,-8.8033,77.72,51,0,9.6,clear sky
611,Shetpe,KZ,44.1667,52.1167,89.78,19,1,9.91,clear sky
612,Makokou,GA,0.5738,12.8642,79.14,78,90,2.53,overcast clouds
613,Omboue,GA,-1.5746,9.2618,82.18,60,19,10.74,few clouds
614,Riyadh,SA,24.6877,46.7219,113.14,7,0,9.22,clear sky
615,Bani Walid,LY,31.7566,13.9942,95.58,18,0,7.94,clear sky
616,Sakaraha,MG,-22.9,44.5333,82.98,26,0,10.0,clear sky
617,Philadelphia,US,39.9523,-75.1638,72.27,91,90,1.99,mist
618,Barcelos,PT,41.5388,-8.6151,74.84,43,0,8.03,clear sky
619,Hambantota,LK,6.1241,81.1185,95.34,52,20,17.27,few clouds
620,Karaman,TR,37.0833,33.25,79.21,25,0,25.93,clear sky
621,Magistralnyy,RU,56.1725,107.4458,83.64,45,19,2.39,few clouds
622,Hereford,GB,52.0568,-2.7148,68.65,57,35,15.28,scattered clouds
623,Ajnala,IN,31.8425,74.7589,89.56,70,75,5.75,haze
624,Karpathos,GR,35.507,27.2132,84.16,74,0,26.46,clear sky
625,Almaznyy,RU,48.0448,40.045,87.94,29,2,11.21,clear sky
626,Mnogovershinnyy,RU,53.9353,139.9242,58.5,99,100,6.02,light rain
627,Garowe,SO,8.4054,48.4845,92.19,29,93,29.53,overcast clouds
628,Harper,LR,4.375,-7.7169,79.63,73,92,8.55,light rain
629,Boyolangu,ID,-8.1181,111.8935,75.61,88,49,7.56,scattered clouds
630,Richards Bay,ZA,-28.783,32.0377,77.76,22,0,4.59,clear sky
631,Atagay,RU,55.1033,99.3875,57.4,77,100,9.91,overcast clouds
632,Cayenne,GF,4.9333,-52.3333,78.1,90,90,1.99,overcast clouds
633,Sretensk,RU,52.2453,117.7093,68.0,84,25,4.16,light rain
634,Fasa,IR,28.9383,53.6482,97.9,7,26,7.54,scattered clouds
635,Paciran,ID,-6.8767,112.3761,80.53,73,57,8.08,broken clouds
636,Ranong,TH,9.9658,98.6348,76.93,86,98,13.71,overcast clouds
637,Nagato,JP,34.3833,131.2,84.15,83,40,5.06,scattered clouds
638,Bose,IT,45.4612,8.0137,82.51,68,3,4.9,clear sky
639,Umm Kaddadah,SD,13.6017,26.6876,91.6,37,64,5.06,broken clouds
640,Belyy Yar,RU,53.6039,91.3903,73.29,43,0,4.47,clear sky
641,Halvad,IN,23.0167,71.1833,87.57,63,100,24.96,overcast clouds
642,Pombas,CV,17.1503,-25.0201,76.78,77,77,8.81,broken clouds
643,Shizunai,JP,42.3339,142.3669,72.01,94,22,13.4,few clouds
644,Hvolsvollur,IS,63.7533,-20.2243,57.81,65,52,1.28,broken clouds
645,Saint-Esteve,FR,42.7131,2.843,89.24,43,0,9.22,clear sky
646,Sialkot,PK,32.5101,74.5431,87.62,66,40,0.0,smoke
647,Marumori,JP,37.9167,140.7667,76.91,96,99,2.39,moderate rain
648,Talaya,RU,61.3833,152.75,36.57,77,53,7.47,broken clouds
649,Kurilsk,RU,45.2333,147.8833,66.65,92,56,8.66,broken clouds
650,Dalby,AU,-27.1833,151.2667,49.98,60,0,9.37,clear sky
651,Nome,US,64.5011,-165.4064,48.27,93,90,19.57,light rain
652,Harer,ET,9.3094,42.1258,64.96,66,91,11.81,overcast clouds
653,Mitsamiouli,KM,-11.3847,43.2844,78.12,64,4,11.81,light rain
654,Gorodishche,RU,48.8045,44.4744,94.86,18,0,8.95,clear sky
655,Disna,BY,55.568,28.1971,71.78,80,99,6.2,light rain
656,Esterhazy,CA,50.65,-102.0843,49.05,55,53,4.03,broken clouds
657,Adrar,MR,20.5022,-10.0711,96.06,23,100,19.42,overcast clouds
658,Tombouctou,ML,20.0,-3.0,98.74,32,92,16.13,overcast clouds
659,Young,UY,-32.6833,-57.6333,33.22,87,0,4.09,clear sky
660,Superior,US,46.7208,-92.1041,69.69,94,90,0.0,overcast clouds
661,Khovu-Aksy,RU,51.1333,93.6,65.71,47,27,3.87,scattered clouds
662,Kruisfontein,ZA,-34.0033,24.7314,60.53,57,70,23.58,broken clouds
663,Dunn,US,44.95,-91.8835,73.31,100,17,4.61,few clouds
664,Camacupa,AO,-12.0167,17.4833,78.17,16,11,4.81,few clouds
665,Dovers,VC,12.8833,-61.1833,78.39,82,96,20.67,overcast clouds
666,Maibong,IN,25.3,93.1667,76.33,99,100,1.92,overcast clouds
667,Caxito,AO,-8.5785,13.6643,77.65,35,0,4.14,clear sky
668,Plastun,RU,44.7561,136.2939,71.33,95,79,1.63,broken clouds
669,Rio Tercero,AR,-32.173,-64.1141,31.8,54,0,5.75,clear sky
670,Roald,NO,62.5833,6.1333,71.11,82,20,4.61,few clouds
671,Abha,SA,18.2164,42.5053,82.22,57,40,14.97,scattered clouds
672,Aasiaat,GL,68.7098,-52.8699,40.01,95,100,7.7,overcast clouds
673,Salym,RU,60.0625,71.4789,57.88,55,88,6.78,overcast clouds
674,Tainan,TW,22.9908,120.2133,85.87,94,75,5.75,broken clouds
675,Huatulco,MX,15.8436,-96.3267,75.87,89,68,5.14,broken clouds
676,Gizo,SB,-8.103,156.8419,81.95,78,19,8.59,few clouds
677,Prattville,US,32.464,-86.4597,76.39,95,40,0.0,mist
678,Cockburn Town,TC,21.4612,-71.1419,81.95,75,5,19.66,clear sky
679,Komsomolskiy,UZ,40.4272,71.7189,93.92,16,15,6.91,few clouds
